<?xml version="1.0" encoding="UTF-8"?>
<employees>
    <employee>
        <id>104</id>
        <name>David Brown</name>
        <department>Engineering</department>
        <salary>90000</salary>
    </employee>
    <employee>
        <id>105</id>
        <name>Eve Davis</name>
        <department>Marketing</department>
        <salary>70000</salary>
    </employee>
    <employee>
        <id>102</id>
        <name>Bob Smith</name>
        <department>Sales</department>
        <salary>75000</salary>
    </employee>
</employees>
